date,interest_rate,mortgage30,mortgage15,gdp,median_listing_price,active_listing_count,median_days_on_market,new_listing_count,price_increased_count,price_reduced_count,pending_listing_count,median_listing_price_per_square_foot,median_square_feet,total_listing_count,pending_ratio
7/1/2016,0.16534694,3.44,2.7475,18892.639,259000,1463025,64,527576,44060,418920,415304,127,1927,1873209,0.2839
8/1/2016,0.22683746,3.435,2.745,18958.219,255267,1460071,67,470786,40484,408718,392800,126,1921,1848466,0.269
9/1/2016,0.2160743,3.46,2.756,19023.799,255000,1443103,71,452994,37226,406618,369528,126,1920,1807824,0.2561
10/1/2016,0.28979681,3.47,2.7625,19089.379,255000,1407722,72,413380,36128,365876,353149,127,1914,1757624,0.2509
11/1/2016,0.34660933,3.77,3.0275,19152.94733,252991,1339724,74,376706,33728,319376,331792,126,1904,1667789,0.2477
12/1/2016,0.70045658,4.198,3.428,19216.51567,249900,1236003,83,281556,33728,224680,293207,125,1892,1526082,0.2372
1/1/2017,0.72565107,4.15,3.3875,19280.084,249900,1154139,88,387202,31926,245290,267943,126,1886,1420208,0.2322
2/1/2017,0.77438158,4.1675,3.38,19332.937,255400,1151139,82,437754,37132,268584,319466,128,1897,1464645,0.2775
3/1/2017,0.91650302,4.196,3.414,19385.79,264450,1172731,62,509098,44614,299882,372065,130,1919,1540745,0.3173
4/1/2017,0.76575378,4.045,3.3,19438.643,270000,1198445,58,555252,51032,331396,422179,132,1948,1616241,0.3523
5/1/2017,0.7764088,4.01,3.255,19523.29367,277477,1253871,55,566590,53288,373204,449129,133,1968,1698366,0.3582
6/1/2017,0.73611135,3.904,3.174,19607.94433,279000,1292389,56,539118,53624,406090,436451,134,1977,1725986,0.3377
7/1/2017,0.72501612,3.9675,3.235,19692.595,279000,1322676,59,533556,52916,436424,415093,134,1976,1731433,0.3138
8/1/2017,0.67086016,3.88,3.16,19807.426,275000,1325376,61,500084,49266,420542,391879,133,1968,1710404,0.2957
9/1/2017,0.56521264,3.805,3.105,19922.257,275000,1308624,64,439208,43576,386660,369426,133,1960,1672596,0.2823
10/1/2017,0.72914351,3.895,3.2,20037.088,275000,1287341,68,428158,44488,380450,351800,134,1951,1637397,0.2733
11/1/2017,0.75219045,3.922,3.288,20134.243,274445,1228097,71,384202,40318,328050,323932,133,1942,1548809,0.2638
12/1/2017,0.57304923,3.95,3.385,20231.398,269900,1127819,78,288036,36624,223704,286843,133,1918,1411609,0.2543
1/1/2018,0.87378801,4.0325,3.4825,20328.553,269739,1043968,83,381636,37110,234682,257571,134,1910,1300752,0.2467
2/1/2018,1.08846929,4.33,3.785,20412.67267,275450,1045168,76,433626,40186,252010,310658,136,1918,1352911,0.2972
3/1/2018,1.02953583,4.444,3.91,20496.79233,285000,1067293,58,502856,48908,284284,361845,139,1941,1428614,0.339
4/1/2018,1.01435433,4.4675,3.925,20580.912,294950,1102074,54,552412,56102,326074,418136,142,1964,1516277,0.3794
5/1/2018,1.2160918,4.586,4.066,20653.518,299450,1156921,51,579566,58078,377496,443974,144,1981,1596998,0.3838
6/1/2018,1.24572814,4.57,4.04,20726.124,299900,1216521,51,546536,61028,417476,430100,144,1991,1646225,0.3535
7/1/2018,1.15523371,4.5275,4.0075,20798.73,299450,1261936,55,523848,55488,455130,402861,144,1985,1660545,0.3192
8/1/2018,1.25524162,4.55,4.018,20838.44233,298500,1285682,58,492638,51980,458122,389029,143,1970,1671435,0.3026
9/1/2018,1.1321469,4.6275,4.08,20878.15467,297500,1301939,60,466844,47544,458240,370589,144,1954,1660415,0.2846
10/1/2018,1.30012681,4.83,4.2475,20917.867,295250,1304695,64,437492,40458,452200,345655,144,1944,1647064,0.2649
11/1/2018,1.30865835,4.866,4.282,20982.44467,295000,1273060,66,390884,35336,380204,327593,144,1931,1598534,0.2573
12/1/2018,1.25496666,4.6375,4.09,21047.02233,289900,1185880,75,300284,33636,262860,292067,144,1911,1474356,0.2463
1/1/2019,1.04043434,4.464,3.906,21111.6,289450,1110654,81,399042,31216,282434,266952,144,1901,1374299,0.2404
2/1/2019,1.06818285,4.37,3.8,21207.046,296000,1102678,75,409938,35188,285608,324492,147,1909,1425394,0.2943
3/1/2019,0.51720765,4.265,3.7175,21302.492,305814,1115955,65,477856,31208,294788,382179,149,1938,1493286,0.3425
4/1/2019,0.42030375,4.1425,3.605,21397.938,314950,1137210,54,552270,26592,306100,433853,151,1970,1564417,0.3815
5/1/2019,0.5404288,4.072,3.534,21504.349,319950,1180934,52,584354,27430,336632,454020,153,1987,1630200,0.3845
6/1/2019,0.42130162,3.8025,3.2375,21610.76,320000,1219821,53,556660,24932,380688,455583,152,1997,1672543,0.3735
7/1/2019,0.44057188,3.765,3.2025,21717.171,319450,1239557,57,513256,23580,387628,440908,152,1991,1674781,0.3557
8/1/2019,0.42005179,3.616,3.082,21789.18633,315791,1235278,59,479536,22584,375988,429398,151,1980,1659806,0.3476
9/1/2019,0.23500552,3.605,3.115,21861.20167,312477,1224891,62,453048,21756,364684,415934,150,1967,1636206,0.3396
10/1/2019,0.36832453,3.688,3.142,21933.217,309945,1208337,64,426788,21204,356796,405222,150,1958,1608994,0.3354
11/1/2019,0.43361185,3.695,3.1575,21864.697,305000,1143358,67,369004,22040,290428,394053,150,1942,1538356,0.3446
12/1/2019,0.51426493,3.72,3.1775,21796.177,299900,1033913,77,267124,21902,172044,344487,149,1921,1374685,0.3332
1/1/2020,0.50509631,3.624,3.072,21727.657,299250,951699,82,379396,27098,208486,320266,149,1912,1270438,0.3365
2/1/2020,0.31598579,3.465,2.97,21130.25267,305490,928363,73,413568,31988,206088,407292,151,1920,1331547,0.4387
3/1/2020,-0.12783745,3.45,2.885,20532.84833,319000,937341,57,479598,28450,213624,457774,155,1941,1390478,0.4884
4/1/2020,-0.11159442,3.306,2.804,19935.444,319250,941752,60,348798,20538,160520,406459,155,1937,1342668,0.4316
5/1/2020,-0.02785652,3.2325,2.6925,20518.47967,329000,928387,68,450560,27188,199508,461396,159,1956,1385296,0.497
6/1/2020,-0.15369936,3.1625,2.6025,21101.51533,339450,871577,62,496332,34542,221520,577567,163,1970,1443931,0.6627
7/1/2020,-0.3453445,3.016,2.52,21684.551,345000,822849,53,505862,37332,215888,611581,166,1964,1428372,0.7432
8/1/2020,-0.407134,2.935,2.475,21812.623,349000,779567,51,493892,46932,203960,628084,168,1943,1399762,0.8057
9/1/2020,-0.34333693,2.89,2.385,21940.695,349000,749403,50,484440,43954,197004,628133,171,1909,1370417,0.8382
10/1/2020,-0.29173845,2.834,2.346,22068.767,349000,734048,51,456300,40484,194944,643358,173,1884,1372723,0.8765
11/1/2020,-0.21395564,2.765,2.305,22264.77567,342000,683830,54,389802,33378,168206,606477,174,1854,1286131,0.8869
12/1/2020,-0.23232146,2.684,2.218,22460.78433,336250,612307,62,309722,33224,113610,532257,173,1828,1140920,0.8693
1/1/2021,-0.23501721,2.735,2.2,22656.793,335000,531780,66,362648,47264,99160,471149,175,1805,1003586,0.886
2/1/2021,-0.2308238,2.81,2.2375,22894.149,343500,464924,56,380256,47066,78840,537907,181,1797,998859,1.157
3/1/2021,0.01250687,3.0825,2.3925,23131.505,352450,440592,45,454354,46854,82436,575993,186,1800,1013400,1.3073
4/1/2021,0.11804694,3.06,2.364,23368.861,369450,435667,37,491776,45372,83290,620686,192,1809,1054596,1.4247
5/1/2021,0.03694758,2.9625,2.28,23553.23767,376414,447670,35,509604,43948,95720,655556,196,1823,1099849,1.4644
6/1/2021,-0.00566485,2.975,2.27,23737.61433,379900,492432,33,545860,37670,124414,659596,197,1827,1150904,1.3395
7/1/2021,0.03504108,2.868,2.18,23921.991,379000,546697,35,520628,30168,168316,635414,196,1827,1178906,1.1623
8/1/2021,-0.26101879,2.8425,2.145,24207.00667,375000,574649,37,493428,28196,183772,629547,196,1821,1200669,1.0955
9/1/2021,-0.19473087,2.9,2.184,24492.02233,375000,578079,41,457160,25948,182530,611799,197,1813,1185969,1.0583
10/1/2021,0.08790114,3.0675,2.3075,24777.038,375000,565716,43,430272,26368,172756,591451,197,1806,1156009,1.0455
11/1/2021,0.16399788,3.0675,2.3575,24923.189,374131,512250,46,375248,27176,136484,572619,196,1799,1082818,1.1178
12/1/2021,0.09168917,3.098,2.348,25069.34,369158,445310,53,286166,27620,89672,507259,195,1787,948666,1.1391
1/1/2022,0.3194951,3.445,2.66,25215.491,369900,376973,59,323876,34808,69776,444075,197,1776,815253,1.178
2/1/2022,0.44159289,3.7625,2.9975,25412.25767,384500,346514,41,368452,35702,64958,491150,205,1781,834869,1.4174
3/1/2022,0.34708992,4.172,3.39,25609.02433,399450,354019,34,435132,36888,75382,522693,213,1795,873473,1.4765
4/1/2022,0.94940027,4.9825,4.215,25805.791,419500,379980,30,495660,30500,92736,556660,219,1812,932731,1.465
5/1/2022,1.20389776,5.23,4.435,25961.19767,437450,479469,30,526360,27388,161880,562263,225,1852,1040980,1.1727
6/1/2022,1.02509351,5.522,4.652,26116.60433,449000,573660,31,533440,23424,245490,544435,227,1877,1115405,0.9491
7/1/2022,1.06217493,5.4125,4.6125,26272.011,443900,691663,34,471952,19136,323960,503402,226,1880,1191282,0.7278
8/1/2022,0.8556253,5.2225,4.5625,26426.09967,432588,726793,41,418474,18206,314308,488450,222,1877,1211690,0.6721
9/1/2022,1.20424868,6.112,5.35,26580.18833,427750,731511,47,393884,15836,319216,465973,220,1873,1192823,0.637
10/1/2022,1.79733203,6.9,6.145,26734.277,425000,752749,50,360284,13828,328816,413681,218,1875,1160509,0.5496
11/1/2022,1.93071305,6.805,6.1375,26877.63767,416000,750209,55,295006,12950,284790,368038,215,1866,1114744,0.4906
12/1/2022,1.57612515,6.364,5.668,27020.99833,405000,680931,65,215940,12220,171016,320065,213,1852,997733,0.47
1/1/2023,1.78309897,6.2725,5.425,27164.359,403706,616869,72,287140,15402,191274,301420,214,1850,915143,0.4886
2/1/2023,1.42020217,6.2575,5.415,27260.84433,414375,579268,65,304872,18472,165194,369949,217,1851,945510,0.6386
3/1/2023,2.05963636,6.544,5.796,27357.32967,424000,562453,52,342380,19478,165604,396375,220,1865,954973,0.7047
4/1/2023,1.44391386,6.3425,5.6625,27453.815,430000,562979,46,385052,20972,166716,430131,222,1885,989456,0.764
5/1/2023,1.53690406,6.425,5.8075,27625.109,441007,582451,43,406776,20780,182790,460092,225,1902,1038418,0.7899
6/1/2023,1.06063107,6.714,6.088,27796.403,445000,614336,44,396170,20640,206444,453499,225,1916,1063706,0.7382
7/1/2023,1.4260473,6.84,6.1775,27967.697,440000,647145,45,374104,18500,228300,439883,224,1914,1082953,0.6797
8/1/2023,1.60209539,7.072,6.43,28077.45367,435495,669765,46,387238,19378,240542,432257,223,1906,1099964,0.6454
9/1/2023,1.69970754,7.2,6.5725,28187.21033,429503,702470,48,358088,16804,263496,409123,222,1891,1107848,0.5824
10/1/2023,2.08246076,7.62,6.905,28296.967,425000,738119,50,348692,14796,276996,382468,221,1875,1117661,0.5182
11/1/2023,2.09432864,7.442,6.766,28406.001,420000,755529,52,317146,15238,256442,354952,221,1857,1107192,0.4698
12/1/2023,1.68089907,6.815,6.1375,28515.035,410000,714214,61,235584,14280,160552,322185,219,1837,1033561,0.4511
1/1/2024,1.68087145,6.6425,5.87,28624.069,409500,665603,69,295190,18026,182936,309122,221,1823,974419,0.4644
2/1/2024,1.6168231,6.776,6.102,28754.95067,415500,664745,61,339380,20804,201428,367173,224,1818,1029096,0.5524
3/1/2024,1.92596928,6.82,6.175,28885.83233,424900,694844,50,395536,21144,220244,421026,228,1825,1112625,0.6059
4/1/2024,1.93819396,6.9925,6.2625,29016.714,429950,734324,47,432032,23232,250924,457363,230,1839,1187392,0.6228
5/1/2024,2.10339878,7.06,6.346,29136.114,439500,787726,45,433906,19884,283460,472397,233,1855,1255651,0.5997
6/1/2024,1.99956671,6.9175,6.1875,29255.514,439900,839960,48,426092,19588,320884,465012,232,1860,1302278,0.5536
7/1/2024,2.04839593,6.8475,6.135,29374.914,437250,883905,51,405404,17992,339960,447741,230,1860,1327771,0.5065
8/1/2024,1.66418984,6.5,5.682,29491.23067,429990,908944,53,383552,18624,330460,432319,228,1852,1329050,0.4756
9/1/2024,1.58158069,6.18,5.2625,29607.54733,425000,940291,55,399754,18120,324536,422033,227,1842,1359097,0.4488
10/1/2024,1.48014834,6.428,5.598,29723.864,424950,952891,57,365692,18908,322850,418759,226,1835,1367064,0.4395
11/1/2024,1.95841688,6.805,6.0275,29490.614,416633,952414,61,323376,17412,282000,405344,224,1820,1353236,0.4256
12/1/2024,1.82436879,6.715,5.93,29490.614,402501,871518,70,237758,15468,187200,346105,222,1800,1214514,0.3971
1/1/2025,2.05553249,6.958,6.164,29490.614,400500,829376,73,327016,19708,233320,314545,224,1792,1141040,0.3793
2/1/2025,2.02768935,6.8425,6.03,29490.614,412000,847825,66,353658,19106,262330,371715,227,1791,1216240,0.4384
3/1/2025,1.86151108,6.65,5.8275,29490.614,424900,892561,53,435960,18792,302260,416076,231,1800,1305093,0.4662
